samples,Bladder Urothelial Carcinoma,Breast invasive carcinoma,Cervical squamous cell carcinoma and endocervical adenocarcinoma,Colon adenocarcinoma,Head and Neck squamous cell carcinoma,Kidney renal clear cell carcinoma,Kidney renal papillary cell carcinoma,Brain Lower Grade Glioma,Liver hepatocellular carcinoma,Lung adenocarcinoma,Lung squamous cell carcinoma,Ovarian serous cystadenocarcinoma,Prostate adenocarcinoma,Skin Cutaneous Melanoma,Stomach adenocarcinoma,Thyroid carcinoma,Uterine Corpus Endometrial Carcinoma,predicted_class,probability
CPT0019990006,1.39496915e-05,1.0228594e-05,3.2869133e-07,1.443495e-07,2.5154216e-07,0.9880854,0.009905648,1.4446078e-05,9.612344e-05,0.0004948301,4.3697346e-06,9.3941836e-08,6.60481e-07,0.0011799972,0.0001702332,2.1474216e-05,1.726016e-06,Kidney renal clear cell carcinoma,0.9880854
CPT0017440009,2.947822e-05,1.801105e-05,8.798313e-07,3.920772e-07,6.047528e-07,0.98144525,0.015652953,2.5754578e-05,0.00017522667,0.00082379405,9.267307e-06,2.554755e-07,1.8542905e-06,0.0014910696,0.00028062737,4.042666e-05,4.2175434e-06,Kidney renal clear cell carcinoma,0.98144525
CPT0077290006,1.1249801e-05,5.3250233e-06,3.0087944e-07,1.143904e-07,1.5325838e-07,0.9830578,0.01555131,6.2034414e-06,9.272143e-05,0.00057376997,3.5636242e-06,6.370848e-08,5.343049e-07,0.0005655984,0.00011435927,1.5737534e-05,1.3408144e-06,Kidney renal clear cell carcinoma,0.9830578
