samples,Adrenocortical carcinoma,Bladder Urothelial Carcinoma,Breast invasive carcinoma,Cervical squamous cell carcinoma and endocervical adenocarcinoma,Cholangiocarcinoma,Colon adenocarcinoma,Lymphoid Neoplasm Diffuse Large B-cell Lymphoma,Esophageal carcinoma,Glioblastoma multiforme,Head and Neck squamous cell carcinoma,Kidney Chromophobe,Kidney renal clear cell carcinoma,Kidney renal papillary cell carcinoma,Brain Lower Grade Glioma,Liver hepatocellular carcinoma,Lung adenocarcinoma,Lung squamous cell carcinoma,Mesothelioma,Ovarian serous cystadenocarcinoma,Pancreatic adenocarcinoma,Pheochromocytoma and Paraganglioma,Prostate adenocarcinoma,Rectum adenocarcinoma,Sarcoma,Skin Cutaneous Melanoma,Stomach adenocarcinoma,Testicular Germ Cell Tumors,Thyroid carcinoma,Thymoma,Uterine Corpus Endometrial Carcinoma,Uterine Carcinosarcoma,Uveal Melanoma,predicted_class,probability
CPT0019990006,9.183992e-06,2.7982773e-07,1.4122823e-07,7.0961045e-07,8.688892e-07,6.719197e-08,7.132073e-08,6.192146e-06,1.4344215e-05,2.0812787e-07,0.00029072064,0.99901116,0.0001597085,1.033513e-07,7.593692e-07,0.00010669057,3.4928667e-05,3.348847e-07,3.4613447e-05,2.8875406e-06,2.7678217e-07,1.5740932e-10,1.0051083e-07,0.00032211278,2.408559e-06,4.6877747e-07,7.708472e-09,3.4102756e-09,3.9239104e-08,2.4206128e-07,3.204721e-07,1.2574673e-08,Kidney renal clear cell carcinoma,0.99901116
CPT0017440009,3.077408e-05,1.9860797e-06,9.4427224e-07,4.3737095e-06,6.2825143e-06,4.1846997e-07,3.1767155e-07,9.041335e-06,1.5182496e-05,2.2966385e-06,0.00036810138,0.9983411,0.00041031148,9.2648185e-07,3.2146538e-06,0.0001519415,0.00011166801,8.852903e-07,1.321449e-05,1.2010549e-05,7.6971634e-07,1.5027624e-09,6.02321e-07,0.00049237756,1.9286048e-05,4.8180164e-07,1.607701e-07,8.0059515e-09,2.7176088e-07,3.860906e-07,5.528563e-07,1.4676276e-07,Kidney renal clear cell carcinoma,0.9983411
CPT0077290006,1.7613484e-05,6.693398e-07,3.743754e-07,1.6035171e-06,2.0738748e-06,1.943607e-07,1.42145e-07,7.188837e-06,1.5120423e-05,5.3648847e-07,0.00038055232,0.9987269,0.00024917728,2.763893e-07,1.8258611e-06,0.00014803714,5.3000364e-05,4.550323e-07,2.9017468e-05,6.864086e-06,4.998391e-07,5.5804195e-10,2.7298202e-07,0.0003518069,4.1870535e-06,6.168982e-07,2.5943221e-08,6.6126224e-09,9.3926836e-08,3.9256773e-07,4.3681183e-07,3.0304967e-08,Kidney renal clear cell carcinoma,0.9987269
